Latitude (°);Longitude (°);Altitude (m);Tempo (s); vel (km/h)
-24,177337;-47,024178;98;0;0
-24,177353;-47,024119;97;1;22,070431
-24,177335;-47,023955;105;2;66,835022
-24,177401;-47,023985;118;5;18,223356
-24,177423;-47,023989;121;6;14,227544
-24,177446;-47,023987;119;11;2,347253
-24,177444;-47,023987;119;12;0,764430
-24,177446;-47,023995;120;44;0,144082
-24,177444;-47,023999;121;45;3,926103
-24,177427;-47,024032;120;56;1,340666
-24,177426;-47,024034;119;57;3,664353
-24,177423;-47,024036;119;59;0,783307
-24,17742;-47,024038;119;60;1,528860
-24,177397;-47,024124;117;73;2,623342
-24,177392;-47,024134;117;74;4,773862
-24,177381;-47,02422;116;79;6,220370
-24,177386;-47,024238;116;80;7,130126
-24,177435;-47,024272;116;87;3,355255
-24,17743;-47,024271;115;88;4,495106
-24,177424;-47,02427;116;89;4,254681
-24,177407;-47,024272;116;93;1,751529
-24,177411;-47,02427;116;96;1,025590
-24,177418;-47,024263;117;97;5,489989
-24,177438;-47,024197;118;100;8,463290
-24,177434;-47,024165;118;101;11,250371
-24,177403;-47,024082;118;104;11,097549
-24,17739;-47,024057;118;105;11,125014
-24,177364;-47,023978;119;108;9,933596
-24,177357;-47,023946;119;109;12,905061
-24,177344;-47,02387;119;111;14,189389
-24,177337;-47,023834;118;112;13,244247
-24,177319;-47,023766;118;114;13,109469
-24,177308;-47,023732;117;115;13,831286
-24,177281;-47,023667;116;117;13,119374
-24,177264;-47,023637;116;118;13,102781
-24,177216;-47,023585;116;120;13,159521
-24,177185;-47,023561;116;121;15,632543
-24,177126;-47,023508;116;123;15,338203
-24,177104;-47,023481;115;124;13,362844
-24,177073;-47,023421;115;126;12,302333
-24,177069;-47,023386;115;127;14,016398
-24,17708;-47,023307;113;129;14,572933
-24,177101;-47,023239;112;130;26,695770
-24,177121;-47,023175;111;131;25,149372
-24,177137;-47,023114;111;132;23,334524
-24,177152;-47,023056;111;133;21,777531
-24,177169;-47,022995;112;134;23,605642
-24,17718;-47,022939;113;135;21,553375
-24,177184;-47,02288;113;136;20,959879
-24,177181;-47,022821;114;137;22,596348
-24,177178;-47,022766;115;138;19,898363
-24,177164;-47,022679;116;140;16,345121
-24,177154;-47,022639;116;141;14,443475
-24,177115;-47,022559;115;144;11,187806
-24,177097;-47,022533;115;145;11,930984
-24,177032;-47,022467;114;147;17,665518
-24,176991;-47,022431;115;148;22,120680
-24,176948;-47,022391;113;149;22,982700
-24,176906;-47,022344;113;150;24,706579
-24,176864;-47,022297;113;151;23,707184
-24,176819;-47,022258;113;152;23,026979
-24,176778;-47,022223;113;153;20,360254
-24,176734;-47,022183;113;154;23,314482
-24,176693;-47,02211;113;156;15,679198
-24,176695;-47,022071;113;157;13,957911
-24,176708;-47,021983;114;159;16,346016
-24,176724;-47,021934;114;160;19,119915
-24,17675;-47,02189;113;161;20,172523
-24,176784;-47,021853;112;162;18,953827
-24,176824;-47,021819;112;163;20,357384
-24,176857;-47,021791;111;164;17,484873
-24,176922;-47,021751;113;166;15,167304
-24,17695;-47,02175;112;167;12,008566
-24,177033;-47,021724;112;170;11,419352
-24,177051;-47,021713;111;171;9,417650
-24,177076;-47,021698;111;174;3,794872
-24,177062;-47,021701;111;175;6,266459
-24,177051;-47,021704;111;176;4,059403
-24,177047;-47,021705;111;177;1,528860
-24,177051;-47,021704;111;178;1,528860
-24,177062;-47,021698;112;179;5,939889
-24,17713;-47,021642;111;183;8,680946
-24,177143;-47,021624;110;184;8,518451
-24,177173;-47,021535;108;188;9,081754
-24,177177;-47,021507;107;189;10,508572
-24,17718;-47,021434;106;191;13,365386
-24,17718;-47,021393;106;192;15,330582
-24,177181;-47,021314;106;194;14,636385
-24,17718;-47,021277;105;195;13,071042
-24,177172;-47,021208;105;197;12,633922
-24,177166;-47,021173;104;198;14,571933
-24,177152;-47,021099;104;200;13,504685
-24,177143;-47,021052;104;201;17,151188
-24,177133;-47,021001;103;202;20,201471
-24,177125;-47,020943;103;203;21,123728
-24,177121;-47,020886;103;204;21,026684
-24,177118;-47,020836;102;205;18,488747
-24,177117;-47,020784;102;206;19,525158
-24,177122;-47,020733;101;207;18,611603
-24,177133;-47,020647;101;209;16,188053
-24,177136;-47,02061;101;210;12,565515
-24,177146;-47,020533;98;213;10,079030
-24,177142;-47,020507;97;214;10,646682
-24,177128;-47,020435;97;216;13,505768
-24,177118;-47,020396;96;217;14,889286
-24,177098;-47,020315;95;219;15,994578
-24,17709;-47,020273;94;220;16,038065
-24,177079;-47,020181;94;222;16,878151
-24,177077;-47,020134;92;223;18,223492
-24,177075;-47,020047;92;225;16,030258
-24,177075;-47,020011;91;226;13,048671
-24,177073;-47,019939;89;228;13,725259
-24,177071;-47,019899;90;229;15,762430
-24,177055;-47,019821;90;231;14,265374
-24,177037;-47,019787;83;232;29,166182
-24,176993;-47,019724;82;234;14,306169
-24,17697;-47,019689;82;235;16,674385
-24,176933;-47,019622;82;236;27,779425
-24,176897;-47,019547;79;237;33,225937
-24,176875;-47,01947;77;238;30,207197
-24,176866;-47,019389;77;239;29,422108
-24,176858;-47,019307;76;240;31,017189
-24,176852;-47,019219;76;241;32,196926
-24,176844;-47,019126;76;242;33,582752
-24,176831;-47,019037;76;243;33,868637
-24,176815;-47,018963;76;244;27,171152
-24,176808;-47,018889;75;245;26,894224
-24,17682;-47,018822;75;246;25,646591
-24,176845;-47,01876;75;247;24,406748
-24,176877;-47,018696;76;248;26,896399
-24,176903;-47,018648;72;249;25,491802
-24,176932;-47,018605;72;250;19,138245
-24,17696;-47,018561;72;251;19,135189
-24,176983;-47,018512;71;252;20,619471
-24,17701;-47,018456;71;253;23,479321
-24,177036;-47,018402;70;254;22,536791
-24,177068;-47,018345;72;255;25,641048
-24,1771;-47,018286;71;256;24,478212
-24,177136;-47,018223;71;257;27,779425
-24,177176;-47,018152;72;258;31,161917
-24,177211;-47,018081;71;259;29,198601
-24,177246;-47,018013;71;260;28,602345
-24,17728;-47,017943;71;261;28,604387
-24,177313;-47,017874;71;262;28,246689
-24,177344;-47,017809;72;263;26,896399
-24,177374;-47,01774;72;264;29,162771
-24,177402;-47,017681;73;265;24,107773
-24,177432;-47,01763;74;266;21,736954
-24,17746;-47,017582;74;267;21,434044
-24,177488;-47,017535;73;268;20,585434
-24,177524;-47,017484;74;269;24,578272
-24,17756;-47,017438;75;270;22,430229
-24,177602;-47,017406;77;271;21,413771
-24,17765;-47,01734;77;273;15,212921
-24,177664;-47,017298;77;274;16,234013
-24,177687;-47,01725;77;275;20,302773
-24,177718;-47,0172;78;276;22,144442
-24,177756;-47,017146;80;277;25,802347
-24,177799;-47,017099;81;278;25,488642
-24,177841;-47,017056;81;279;22,743553
-24,177883;-47,01702;82;280;21,275034
-24,177954;-47,016972;83;282;16,878923
-24,177986;-47,016958;83;283;14,124379
-24,178056;-47,016945;86;286;10,180304
-24,178077;-47,016939;86;287;8,855516
-24,178146;-47,016945;87;290;9,290533
-24,178167;-47,016946;86;291;9,140560
-24,178247;-47,016924;87;295;8,255705
-24,178257;-47,016922;86;296;5,436509
-24,178337;-47,016912;85;301;6,510103
-24,178392;-47,016904;84;302;22,611860
-24,178468;-47,016899;83;303;30,792181
-24,178554;-47,016891;84;304;34,666519
-24,178633;-47,016881;86;305;32,400589
-24,178714;-47,016868;86;306;33,107841
-24,17879;-47,01685;87;307;30,801668
-24,178864;-47,016821;86;308;31,547697
-24,178931;-47,016806;87;309;27,540468
-24,17899;-47,016797;86;310;24,312933
-24,179049;-47,016785;86;311;24,042501
-24,179107;-47,016782;85;312;23,988708
-24,179155;-47,016774;86;313;19,629307
-24,179202;-47,016752;83;314;22,858948
-24,179256;-47,016739;83;315;22,539663
-24,179326;-47,016732;83;316;27,636015
-24,179385;-47,016737;82;317;24,110197
-24,179448;-47,016754;82;318;25,812384
-24,179501;-47,016734;76;319;31,182941
-24,179538;-47,016716;73;320;19,960333
-24,179611;-47,016723;75;323;10,010216
-24,179634;-47,016737;77;324;12,916681
-24,179711;-47,016738;77;327;10,182837
-24,179752;-47,01672;76;328;18,542400
-24,179801;-47,016695;73;329;24,621349
-24,17986;-47,016669;72;330;24,656605
-24,179925;-47,016657;72;331;27,054768
-24,179992;-47,016658;71;332;26,970165
-24,180059;-47,016667;71;333;26,874899
-24,180126;-47,016676;71;334;27,059086
-24,180193;-47,016688;72;335;27,295370
-24,180256;-47,016693;72;336;25,240078
-24,180323;-47,01669;72;337;26,765961
-24,180391;-47,016686;71;338;27,764469
-24,180467;-47,016678;71;339;30,676407
-24,180536;-47,016677;71;340;27,493980
-24,180609;-47,016677;71;341;29,020155
-24,180679;-47,016678;71;342;28,257030
-24,180753;-47,016684;70;343;30,132288
-24,18083;-47,016682;68;344;31,417166
-24,180906;-47,016685;68;345;30,579102
-24,180983;-47,01669;68;346;30,581015
-24,181062;-47,016692;68;347;32,106052
-24,181145;-47,016697;68;348;32,868706
-24,181212;-47,016702;67;349;27,006975
-24,181278;-47,016709;67;350;26,874899
-24,181345;-47,016717;67;351;26,877073
-24,181398;-47,01672;68;352;21,728888
-24,181456;-47,016699;65;353;26,270208
-24,181519;-47,016667;63;354;29,057520
-24,181579;-47,016635;61;355;27,812153
-24,181641;-47,016596;58;356;30,134493
-24,181698;-47,016564;57;357;26,367603
-24,181756;-47,016526;56;358;27,056692
-24,181814;-47,016483;54;359;29,109760
-24,181873;-47,016438;52;360;29,866745
-24,181934;-47,01639;51;361;29,832146
-24,181994;-47,016351;50;362;28,434101
-24,182054;-47,016316;50;363;27,468462
-24,18211;-47,016301;50;364;22,838419
-24,182172;-47,016299;50;365;25,200689
-24,18223;-47,016294;50;366;23,080210
-24,182293;-47,0163;50;367;25,355572
-24,182346;-47,016313;46;368;26,116821
-24,182408;-47,016321;45;369;24,859585
-24,182481;-47,016329;45;370;30,076206
-24,182558;-47,016328;45;371;30,579102
-24,182639;-47,016322;46;372;32,307251
-24,182722;-47,016315;48;373;34,481743
-24,182795;-47,016299;48;374;29,550922
-24,182862;-47,016278;47;375;28,238188
-24,182916;-47,016264;48;376;22,825344
-24,182964;-47,016253;48;377;19,546097
-24,183014;-47,016248;48;378;20,053719
-24,183066;-47,016243;48;379;20,667898
-24,183111;-47,016241;49;380;18,730532
-24,183195;-47,016257;49;382;17,159704
-24,18323;-47,016275;49;383;14,830726
-24,183304;-47,016298;45;386;11,373928
-24,183324;-47,016298;44;387;9,140560
-24,18339;-47,016268;45;390;9,323322
-24,183414;-47,016242;46;391;14,378157
-24,183462;-47,016181;47;393;14,787213
-24,183488;-47,016143;46;394;17,930374
-24,183527;-47,016066;48;396;16,292908
-24,183543;-47,016026;48;397;16,501770
-24,183573;-47,01595;49;399;15,319993
-24,183588;-47,015911;49;400;15,215802
-24,183604;-47,015872;48;401;15,632137
-24,183622;-47,015816;48;402;22,255281
-24,18364;-47,015751;49;403;24,927660
-24,183656;-47,015677;49;404;27,353344
-24,183669;-47,015603;48;405;28,471067
-24,183675;-47,01552;47;406;31,017189
-24,18368;-47,015444;47;407;26,522518
-24,183681;-47,015364;45;408;30,145231
-24,183685;-47,015287;44;409;29,523010
-24,183693;-47,015206;43;410;29,639559
-24,183697;-47,015124;43;411;29,300705
-24,183705;-47,015042;43;412;30,805668
-24,183715;-47,014954;42;413;32,573841
-24,183722;-47,014869;43;414;30,949293
-24,183733;-47,014789;42;415;29,834103
-24,183739;-47,014718;42;416;26,573145
-24,183743;-47,014649;41;417;25,385267
-24,183742;-47,014587;41;418;22,297253
-24,183738;-47,014518;40;419;25,385267
-24,183737;-47,014464;41;420;19,854263
-24,183737;-47,01441;41;421;20,901249
-24,183739;-47,014356;40;422;19,854263
-24,18375;-47,01426;41;424;17,659727
-24,183751;-47,014218;41;425;15,326769
-24,183725;-47,01414;39;427;15,223064
-24,18371;-47,014099;39;428;16,501770
-24,183683;-47,014007;40;430;17,646488
-24,183668;-47,013964;38;431;18,007368
-24,183644;-47,01388;38;433;16,111162
-24,183628;-47,013849;37;434;14,402522
-24,183614;-47,013763;38;438;7,830692
-24,183615;-47,013749;38;439;5,565133
-24,183603;-47,013663;39;446;4,457325
-24,183601;-47,01365;39;447;5,617389
-24,183592;-47,013559;36;451;8,837362
-24,183592;-47,013532;37;452;10,396762
-24,183597;-47,013474;37;458;3,503984
-24,183599;-47,013476;37;459;1,566615
-24,183612;-47,013467;39;477;0,549655
-24,183613;-47,013461;40;478;3,866109
-24,183608;-47,013376;40;481;10,710507
-24,183601;-47,013326;40;482;18,260113
-24,183592;-47,013274;40;483;18,514357
-24,183578;-47,013223;40;484;20,224913
-24,183546;-47,013135;42;486;17,660286
-24,183527;-47,013096;41;487;16,294703
-24,183487;-47,013026;40;489;14,995193
-24,183466;-47,012989;40;490;16,269968
-24,183446;-47,012951;40;491;15,888374
-24,183416;-47,012899;40;492;23,021904
-24,183391;-47,012839;40;493;23,140894
-24,183363;-47,012776;39;494;26,557510
-24,183336;-47,012711;39;495;25,988363
-24,18331;-47,012645;39;496;25,986115
-24,183286;-47,012578;39;497;26,700384
-24,183268;-47,012508;38;498;26,462727
-24,183248;-47,01244;37;499;26,464935
-24,18323;-47,012371;37;500;26,218939
-24,183211;-47,0123;37;501;27,553427
-24,183191;-47,012232;36;502;25,144726
-24,183175;-47,012163;36;503;27,353344
-24,183163;-47,012098;36;504;24,124996
-24,183155;-47,012032;36;505;23,881550
-24,183147;-47,011971;36;506;22,505934
-24,183137;-47,011907;36;507;23,993841
-24,183128;-47,011847;37;508;21,547951
-24,183121;-47,011787;36;509;22,789476
-24,183116;-47,011723;35;510;24,008188
-24,183112;-47,011659;35;511;23,795755
-24,18311;-47,011589;34;512;25,350714
-24,183111;-47,011519;34;513;25,093798
-24,183112;-47,011441;33;514;29,483398
-24,183112;-47,011366;32;515;26,719837
-24,183111;-47,011294;30;516;27,437742
-24,183112;-47,011212;30;517;30,655447
-24,183114;-47,011127;29;518;30,875568
-24,183118;-47,011045;28;519;30,951181
-24,183123;-47,010964;28;520;29,300705
-24,183131;-47,010886;28;521;28,032797
-24,183139;-47,010805;27;522;31,099970
-24,183145;-47,010724;27;523;29,350521
-24,183149;-47,01065;27;524;26,520317
-24,18316;-47,010582;27;525;25,495768
-24,183164;-47,01052;25;526;23,475756
-24,183171;-47,010458;24;527;22,699553
-24,18318;-47,010389;23;528;26,989658
-24,183182;-47,010322;24;529;23,974087
-24,183186;-47,010256;23;530;24,008188
-24,183191;-47,010194;22;531;24,066532
-24,183195;-47,010125;22;532;25,126377
-24,183202;-47,010051;21;533;26,894224
-24,183207;-47,009974;21;534;27,907446
-24,183212;-47,009895;21;535;29,350521
-24,183211;-47,009816;21;536;29,270775
-24,183211;-47,009737;21;537;29,260790
-24,183215;-47,009661;22;538;26,761358
-24,183218;-47,009587;22;539;27,909540
-24,183215;-47,009515;22;540;26,520317
-24,18321;-47,00944;21;541;26,761358
-24,183205;-47,009371;22;542;25,442749
-24,183201;-47,009296;22;543;27,909540
-24,183199;-47,009213;23;544;30,875568
-24,183193;-47,009128;23;545;30,739204
-24,183189;-47,009043;23;546;30,691639
-24,183187;-47,008953;23;547;33,450245
-24,183185;-47,00886;23;548;33,450245
-24,183185;-47,008768;23;549;34,836533
-24,183187;-47,008682;23;550;30,664974
-24,183199;-47,008601;22;551;29,836061
-24,183213;-47,008525;22;552;28,374660
-24,183223;-47,008459;22;553;25,495768
-24,183233;-47,008394;22;554;23,993841
-24,183246;-47,008329;21;555;24,549725
-24,183252;-47,008263;22;556;24,068960
-24,183259;-47,008199;22;557;23,800667
-24,183263;-47,008139;22;558;21,026684
-24,183266;-47,008082;20;559;22,119823
-24,183274;-47,008026;20;560;21,123728
-24,183275;-47,007973;20;561;19,525158
-24,183275;-47,007921;20;562;19,510189
-24,183269;-47,007864;20;563;19,644508
-24,183264;-47,007802;20;564;23,798210
-24,183265;-47,007737;19;565;23,971649
-24,183265;-47,007666;19;566;25,082151
-24,18326;-47,0076;20;567;25,440453
-24,183252;-47,007536;19;568;22,792040
-24,183245;-47,00747;20;569;25,520718
-24,183241;-47,007401;20;570;25,128704
-24,183236;-47,007331;20;571;25,186771
-24,18323;-47,007258;19;572;26,815891
-24,183237;-47,007179;19;573;29,420120
-24,183242;-47,007096;19;574;30,741106
-24,183238;-47,007014;18;575;29,572449
-24,18323;-47,006931;18;576;30,805668
-24,183225;-47,006851;18;577;29,300705
-24,183227;-47,006773;19;578;28,109596
-24,183233;-47,006692;20;579;30,951181
-24,183244;-47,006616;19;580;28,469015
-24,183258;-47,006537;19;581;28,374660
-24,183275;-47,006465;18;582;27,589228
-24,183294;-47,006395;18;583;27,555546
-24,183306;-47,006329;16;584;25,178806
-24,183325;-47,006262;16;585;24,885683
-24,183343;-47,006201;16;586;23,566267
-24,18336;-47,00614;15;587;23,396776
-24,18338;-47,006076;14;588;25,387568
-24,183402;-47,006012;14;589;25,131029
-24,183428;-47,005949;15;590;26,236521
-24,183455;-47,005889;15;591;23,479321
-24,183483;-47,005826;15;592;26,310158
-24,183507;-47,005765;14;593;24,670820
-24,183531;-47,005706;14;594;22,823061
-24,183555;-47,005648;15;595;23,419243
-24,183579;-47,005592;15;596;22,820501
-24,183603;-47,005532;15;597;24,406748
-24,183628;-47,005475;15;598;23,138369
-24,183649;-47,005417;16;599;22,812542
-24,183669;-47,005372;17;600;18,733652
-24,183697;-47,005297;17;602;14,424246
-24,183705;-47,00526;17;603;14,264350
-24,18372;-47,005181;17;605;14,946508
-24,183734;-47,005134;17;606;17,803175
-24,183751;-47,005081;18;607;20,757870
-24,183767;-47,005021;18;608;23,332020
-24,183779;-47,004952;19;609;25,750942
-24,183791;-47,004882;20;610;25,750942
-24,183804;-47,004808;21;611;28,600080
-24,183817;-47,004736;22;612;25,895765
-24,183832;-47,004673;23;613;24,727600
-24,183842;-47,004607;23;614;23,991405
-24,18386;-47,004545;23;615;24,888031
-24,18388;-47,004484;24;616;23,842102
-24,183897;-47,004418;24;617;24,663969
-24,183913;-47,004347;25;618;26,064459
-24,183921;-47,004276;25;619;26,748489
-24,183935;-47,004208;26;620;25,895765
-24,183945;-47,004143;26;621;23,993841
-24,183954;-47,004072;27;622;26,987495
-24,183957;-47,003997;27;623;26,485039
-24,183961;-47,003924;28;624;26,815891
-24,183961;-47,003845;28;625;29,262789
-24,183964;-47,003774;28;626;26,485039
-24,183979;-47,003699;29;627;27,408602
-24,183998;-47,003637;30;628;25,144726
-24,184022;-47,003571;29;629;25,934099
-24,18405;-47,003498;30;630;28,777288
-24,184082;-47,003428;30;631;28,242550
-24,184124;-47,003356;32;632;32,172539
-24,184162;-47,003275;33;633;33,202827
-24,184193;-47,003194;33;634;33,000000
-24,184216;-47,003108;34;635;32,196728
-24,184225;-47,003028;35;636;29,728146
-24,184234;-47,002941;35;637;32,274872
-24,184249;-47,002855;36;638;32,824036
-24,184284;-47,002781;37;639;30,046843
-24,184321;-47,002707;37;640;30,190622
-24,184367;-47,002639;38;641;31,272356
-24,184417;-47,00257;39;642;32,668785
-24,184465;-47,002501;39;643;31,521955
-24,184515;-47,002432;40;644;32,191284
-24,184564;-47,00237;39;645;31,118757
-24,184615;-47,002309;39;646;29,855852
-24,184674;-47,002254;42;647;32,522022
-24,184735;-47,00221;42;648;29,612158
-24,184797;-47,002175;43;649;28,378557
-24,184866;-47,002163;44;650;28,042992
-24,184933;-47,002158;44;651;26,768145
-24,184989;-47,002147;45;652;23,568480
-24,185039;-47,002123;45;653;21,545532
-24,18509;-47,002096;45;654;22,771797
-24,185127;-47,002061;46;655;20,085432
-24,185161;-47,002013;46;656;21,645651
-24,185186;-47,001938;49;657;31,492331
-24,185214;-47,001863;49;658;29,848021
-24,185234;-47,001792;51;659;27,414305
-24,185263;-47,001738;52;660;22,909674
-24,185285;-47,001687;53;661;21,852245
-24,185318;-47,001651;53;662;18,047667
-24,185359;-47,001622;52;663;19,860149
-24,185418;-47,001594;52;664;25,605545
-24,185476;-47,001568;53;665;25,857378
-24,185535;-47,00154;53;666;25,605545
-24,185587;-47,001522;53;667;21,764111
-24,18564;-47,001528;53;668;21,564508
-24,185697;-47,001536;54;669;23,361784
-24,185749;-47,00155;54;670;21,040575
-24,185807;-47,001572;54;671;24,389984
-24,185854;-47,001591;52;672;21,566048
-24,185909;-47,001609;51;673;23,496468
-24,185977;-47,001621;52;674;28,042992
-24,186045;-47,001632;53;675;27,295370
-24,186114;-47,00164;53;676;27,636015
-24,186177;-47,001638;54;677;25,497812
-24,186235;-47,001632;54;678;23,714579
-24,186279;-47,001615;54;679;18,895493
-24,186326;-47,00158;55;680;22,500460
-24,186371;-47,00155;57;681;22,629103
-24,186414;-47,00152;58;682;21,112360
-24,186449;-47,001485;59;683;18,950743
-24,186476;-47,001444;60;684;17,930374
-24,186512;-47,001376;59;686;14,600300
-24,186535;-47,00134;60;687;17,062002
-24,186596;-47,001274;60;689;17,017794
-24,186627;-47,001239;60;690;17,511950
-24,186691;-47,001187;61;692;16,338861
-24,186718;-47,001161;61;693;14,471768
-24,186765;-47,001111;60;695;13,282055
-24,186792;-47,00108;61;696;15,862210
-24,186864;-47,001029;62;698;17,199579
-24,186906;-47,001015;62;699;17,701130
-24,186953;-47,001013;63;700;18,680550
-24,186998;-47,001008;63;701;18,539589
-24,18705;-47,001005;63;702;20,667898
-24,187106;-47,001009;63;703;22,320827
-24,187164;-47,001022;63;704;24,042501
-24,187216;-47,001045;62;705;22,539383
-24,187269;-47,00108;65;706;27,037540
-24,187326;-47,001113;66;707;26,365385
-24,187391;-47,001154;67;708;30,367962
-24,187459;-47,001197;67;709;31,477434
-24,187527;-47,001243;66;710;31,734224
-24,187601;-47,00129;67;711;34,346455
-24,187682;-47,001345;67;712;38,284119
-24,187752;-47,001394;67;713;32,836685
-24,187819;-47,001435;67;714;30,813251
-24,187883;-47,001471;66;715;29,686840
-24,187947;-47,001506;66;716;28,149290
-24,188009;-47,00154;66;717;28,149290
-24,188073;-47,001574;65;718;28,380615
-24,188134;-47,001605;64;719;27,102011
-24,188194;-47,001644;64;720;28,130600
-24,188259;-47,001669;64;721;27,739428
-24,188332;-47,001693;64;722;30,202232
-24,188415;-47,001711;65;723;34,506012
-24,188498;-47,001711;62;724;34,568844
-24,18857;-47,001726;65;725;31,246439
-24,188644;-47,001737;65;726;30,078150
-24,18872;-47,001748;64;727;31,043552
-24,188801;-47,001736;62;728;33,140594
-24,188881;-47,00172;61;729;32,754532
-24,188957;-47,001709;61;730;30,834108
-24,189028;-47,001707;61;731;28,292164
-24,189098;-47,001704;62;732;28,485430
-24,189164;-47,001696;62;733;26,118452
-24,189229;-47,00168;61;734;27,125717
-24,189291;-47,001666;58;735;27,737379
-24,18936;-47,001652;59;736;28,283678
-24,189415;-47,001649;56;737;24,680613
-24,189479;-47,00164;56;738;26,116215
-24,189541;-47,001625;56;739;25,065838
-24,1896;-47,001605;55;740;24,944063
-24,189669;-47,00159;56;741;28,283678
-24,18974;-47,001577;55;742;29,027990
-24,189809;-47,00157;56;743;28,522333
-24,189886;-47,001569;56;744;30,581015
-24,189967;-47,001564;54;745;32,905247
-24,190051;-47,001553;52;746;34,622116
-24,190143;-47,001534;52;747;38,066761
-24,190214;-47,001533;51;748;28,487482
-24,190273;-47,001545;49;749;25,099775
-24,190316;-47,00157;47;750;20,717506
-24,190365;-47,001593;45;751;22,719305
-24,190425;-47,001612;44;752;25,666843
-24,190491;-47,001634;43;753;27,125717
-24,190559;-47,001658;42;754;29,392084
-24,190624;-47,001675;39;755;28,669739
-24,190666;-47,001708;32;756;32,780945
-24,190717;-47,001727;29;757;24,296429
-24,190773;-47,001739;27;758;23,661707
-24,190834;-47,001738;27;759;24,437853
-24,190891;-47,001731;27;760;23,082743
-24,190938;-47,001728;25;761;20,453512
-24,191027;-47,001719;25;763;17,620895
-24,191076;-47,001716;25;764;19,904554
-24,191129;-47,001712;24;765;21,728888
-24,191188;-47,001712;23;766;23,947262
-24,191245;-47,00171;23;767;22,194809
-24,191307;-47,001705;23;768;25,240078
-24,191369;-47,001695;23;769;24,796291
-24,191436;-47,00167;22;770;28,961481
-24,191506;-47,001629;22;771;31,477434
-24,191566;-47,001586;19;772;30,803820
-24,191624;-47,001537;20;773;29,427851
-24,191683;-47,001491;19;774;29,208603
-24,19174;-47,001441;19;775;29,206820
-24,191795;-47,001393;18;776;28,838140
-24,191849;-47,001349;18;777;26,310158
-24,191903;-47,001307;18;778;26,310158
-24,19196;-47,001262;18;779;28,364363
-24,192021;-47,001213;19;780;30,632355
-24,192081;-47,001159;20;781;31,475376
-24,192133;-47,0011;20;782;30,368168
-24,192179;-47,001035;20;783;29,949654
-24,192216;-47,000954;20;784;33,007084
-24,192256;-47,000884;20;785;29,769609
-24,192295;-47,000813;20;786;30,563810
-24,192333;-47,000742;20;787;29,362463
-24,192372;-47,000677;21;788;29,584307
-24,192407;-47,000632;21;789;21,107122
-24,192427;-47,000598;21;790;14,680237
-24,192461;-47,00054;20;792;12,636110
-24,192474;-47,000509;19;793;14,099086
-24,192504;-47,000436;20;795;14,690077
-24,19252;-47,000399;20;796;13,949534
-24,192566;-47,00032;19;798;17,357685
-24,192598;-47,000276;19;799;21,167942
-24,192628;-47,000232;19;800;19,602818
-24,192658;-47,000188;19;801;20,268204
-24,192689;-47,000143;18;802;21,474606
-24,192722;-47,000092;19;803;22,575649
-24,19276;-47,000038;19;804;24,777431
-24,192807;-46,999983;19;805;26,768145
-24,192862;-46,999935;19;806;28,612556
-24,192919;-46,999902;18;807;26,365385
-24,192978;-46,999883;18;808;24,680548
-24,193031;-46,999873;18;809;21,564508
-24,193084;-46,999872;18;810;21,428591
-24,193134;-46,999873;18;811;19,907490
-24,193187;-46,999879;18;812;21,431316
-24,193244;-46,999894;19;813;23,851906
-24,193302;-46,999913;19;814;23,947525
-24,193348;-46,999954;20;815;24,163460
-24,193387;-46,999989;20;816;19,763134
-24,19342;-47,000041;21;817;24,134422
-24,193452;-47,000089;22;818;21,474606
-24,193482;-47,00013;21;819;19,470890
-24,193515;-47,000165;20;820;18,953827
-24,193543;-47,000213;20;821;21,035017
-24,193566;-47,000258;20;822;19,067888
-24,193587;-47,000312;20;823;21,239595
-24,193611;-47,000397;18;824;33,013397
-24,193628;-47,000491;17;825;35,686497
-24,193649;-47,000582;16;826;34,666519
-24,193668;-47,000673;15;827;33,141171
-24,193687;-47,000724;15;828;20,948723
-24,193705;-47,00077;14;829;18,431770
-24,193732;-47,000826;15;830;23,751245
-24,193759;-47,00088;15;831;22,619890
-24,193797;-47,000937;15;832;25,442997
-24,193841;-47,000988;15;833;25,767069
-24,193899;-47,001023;15;834;26,118452
-24,193973;-47,001056;15;835;32,316490
-24,194038;-47,001077;15;836;26,885769
-24,194101;-47,001089;15;837;25,548428
-24,194173;-47,001084;14;838;29,276546
-24,194239;-47,001076;14;839;26,116215
-24,194299;-47,001046;15;840;27,102011
-24,194347;-47,001013;15;841;22,110395
-24,194395;-47,000973;16;842;24,746498
-24,194433;-47,000936;16;843;20,670723
-24,194466;-47,000898;17;844;19,377628
-24,194495;-47,000864;17;845;16,986862
-24,194519;-47,000821;17;846;18,260113
-24,194543;-47,000778;17;847;18,263313
-24,194577;-47,000699;17;849;16,004721
-24,194587;-47,000655;19;850;17,540516
-24,194597;-47,000564;18;852;16,923870
-24,194598;-47,000522;19;853;15,743882
-24,194592;-47,000498;22;857;3,462187
-24,194593;-47,000499;21;858;3,680265
-24,194588;-47,000499;21;866;0,286661
-24,194587;-47,000481;21;867;6,964287
-24,19459;-47,000409;21;869;13,242519
-24,194595;-47,000365;20;870;15,910029
-24,194607;-47,000315;20;871;18,684015
-24,19464;-47,00026;21;872;24,866636
-24,194685;-47,0002;20;873;29,084303
-24,194731;-47,000137;20;874;28,862667
-24,194779;-47,000068;20;875;31,518248
-24,194824;-47;20;876;31,062572
-24,194866;-46,999934;20;877;29,040285
-24,194909;-46,999872;19;878;29,262573
-24,194954;-46,999814;19;879;27,798351
-24,195009;-46,999758;18;880;29,732077
-24,195071;-46,999701;18;881;32,155155
-24,195135;-46,999647;17;882;33,526836
-24,195196;-46,999595;18;883;30,632355
-24,195251;-46,999541;16;884;30,378880
-24,195303;-46,999498;16;885;26,546743
-24,195354;-46,99946;16;886;24,885683
-24,195402;-46,999422;17;887;23,910629
-24,195453;-46,999376;16;888;26,789728
-24,195501;-46,99932;16;889;27,295603
-24,19554;-46,999262;17;890;26,136105
-24,195571;-46,99921;18;891;23,706919
-24,195593;-46,999158;17;892;21,542526
-24,195604;-46,999105;18;893;20,359943
-24,195607;-46,999054;18;894;18,128431
-24,1956;-46,999001;18;895;19,638556
-24,195585;-46,99895;19;896;19,449871
-24,195561;-46,998866;21;898;16,506699
-24,195557;-46,998824;21;899;15,402834
-24,195553;-46,998729;22;901;17,525202
-24,195556;-46,998683;22;902;16,789635
-24,19556;-46,998635;22;903;18,176718
-24,195564;-46,99858;22;904;19,567013
-24,195573;-46,998526;22;905;19,878115
-24,195587;-46,99847;22;906;21,572638
-24,195604;-46,998409;22;907;23,327009
-24,195629;-46,998344;22;908;25,680744
-24,19566;-46,998277;21;909;28,128298
-24,195692;-46,998209;21;910;27,009371
-24,195725;-46,998142;20;911;28,469015
-24,195754;-46,998082;20;912;25,063507
-24,195775;-46,998031;20;913;19,966110
-24,195796;-46,997978;20;914;21,239595
-24,195817;-46,997919;20;915;24,103188
-24,19584;-46,997853;21;916;25,650902
-24,195859;-46,997777;21;917;28,895042
-24,195878;-46,997703;21;918;27,351208
-24,195895;-46,997631;22;919;27,587109
-24,195911;-46,99756;23;920;27,587109
-24,195927;-46,997491;23;921;25,812384
-24,195949;-46,997431;22;922;23,105240
-24,195973;-46,997369;21;923;25,650902
-24,196001;-46,9973;21;924;27,570387
-24,196034;-46,997233;21;925;27,011536
-24,196069;-46,997167;20;926;29,198601
-24,196106;-46,997107;19;927;25,698696
-24,19613;-46,997054;18;928;22,183989
-24,196162;-46,99697;18;930;16,498230
-24,196171;-46,996938;18;931;13,107241
-24,196185;-46,996872;18;933;12,139761
-24,19618;-46,996825;18;934;16,789635
-24,196173;-46,996768;17;935;21,425570
-24,196152;-46,996702;16;936;26,691393
-24,196124;-46,996622;17;937;31,627245
-24,196091;-46,996539;16;938;32,211246
-24,196049;-46,996459;15;939;33,932228
-24,196006;-46,996383;15;940;32,538139
-24,195965;-46,996315;15;941;30,186749
-24,195926;-46,996246;14;942;29,584307
-24,195883;-46,996181;14;943;29,487576
-24,195843;-46,996115;14;944;28,602345
-24,195803;-46,99604;14;945;32,151520
-24,19577;-46,995966;15;946;29,704550
-24,195743;-46,99589;15;947;29,846064
-24,195729;-46,995816;15;948;28,526651
-24,195718;-46,99574;14;949;28,353836
-24,195719;-46,995655;15;950;30,862316
-24,195733;-46,995567;14;951;32,688454
-24,195757;-46,995485;14;952;32,220512
-24,195795;-46,995398;14;953;34,246113
-24,195834;-46,99531;14;954;35,499516
-24,195866;-46,995222;14;955;35,871231
-24,195891;-46,995135;14;956;32,218697
-24,195903;-46,99505;14;957;32,487816
-24,1959;-46,994974;14;958;27,903257
-24,19589;-46,99491;14;959;22,617306
-24,195884;-46,994862;15;960;18,608463
-24,195868;-46,994773;16;962;16,485733
-24,195873;-46,994727;16;963;16,876421
-24,195875;-46,994676;15;964;19,851322
-24,195869;-46,994623;17;965;20,919603
-24,19586;-46,994572;16;966;18,858009
-24,195861;-46,994515;15;967;21,222784
-24,195863;-46,994451;16;968;23,969212
-24,195869;-46,994393;16;969;21,023905
-24,195871;-46,994335;16;970;20,915224
-24,195868;-46,994276;17;971;22,632523
-24,195858;-46,994178;18;973;17,611681
-24,195851;-46,994128;18;974;18,365416
-24,195849;-46,994075;19;975;19,848377
-24,195844;-46,994017;20;976;21,261297
-24,195841;-46,993955;20;977;23,736744
-24,19584;-46,993889;21;978;23,959457
-24,195841;-46,99382;22;979;25,339186
-24,195854;-46,993744;22;980;28,372602
-24,195874;-46,993662;23;981;30,452513
-24,195894;-46,993583;23;982;30,441202
-24,19591;-46,993503;24;983;30,107071
-24,195917;-46,993424;24;984;29,418135
-24,195916;-46,993347;25;985;28,105438
-24,195914;-46,993275;27;986;27,444132
-24,195909;-46,993206;28;987;25,378359
-24,1959;-46,993139;29;988;25,621269
-24,195889;-46,993075;30;989;23,041927
-24,19588;-46,993008;30;990;25,263220
-24,195871;-46,992943;30;991;23,991405
-24,195862;-46,992874;31;992;25,621269
-24,195855;-46,992803;31;993;26,647808
-24,195845;-46,992734;32;994;25,621269
-24,195833;-46,992666;32;995;25,493475
-24,195815;-46,992598;32;996;24,885683
-24,195792;-46,992532;32;997;26,698195
-24,195768;-46,992467;32;998;25,394720
-24,195742;-46,992402;32;999;25,986115
-24,195715;-46,992336;33;1000;26,234295
-24,195688;-46,992279;33;1001;23,474342
-24,195667;-46,992231;33;1002;19,966110
-24,195636;-46,992165;34;1004;13,447112
-24,195627;-46,992134;34;1005;11,788093
-24,195616;-46,992057;33;1007;14,233481
-24,195614;-46,992002;33;1008;20,912430
-24,195611;-46,991944;33;1009;20,954302
-24,195609;-46,991891;33;1010;19,519173
-24,195603;-46,991807;35;1012;15,783731
-24,195598;-46,991774;35;1013;11,250371
-24,195575;-46,991694;34;1019;5,145297
-24,195571;-46,991676;33;1020;7,994722
-24,195555;-46,991598;32;1023;10,089889
-24,195548;-46,991563;32;1024;12,905061
-24,195535;-46,991487;30;1026;14,569927
-24,195528;-46,991436;29;1027;18,718050
-24,19552;-46,991374;29;1028;22,500742
-24,195515;-46,991307;28;1029;25,438156
-24,195512;-46,991228;29;1030;29,491325
-24,195513;-46,991152;29;1031;26,474005
-24,195515;-46,99108;28;1032;26,728584
-24,195521;-46,991012;28;1033;25,182133
-24,195522;-46,990951;28;1034;22,305113
-24,195519;-46,99089;28;1035;22,341759
-24,195514;-46,990829;28;1036;22,344376
-24,195507;-46,990773;28;1037;21,120962
-24,195502;-46,99072;29;1038;19,968721
-24,195502;-46,990662;29;1039;20,901249
-24,1955;-46,990606;29;1040;20,915224
-24,195499;-46,990551;29;1041;19,507195
-24,195499;-46,990489;30;1042;22,583414
-24,195504;-46,990422;31;1043;25,385267
-24,195508;-46,990353;31;1044;25,126377
-24,19551;-46,990287;31;1045;23,734283
-24,195512;-46,990228;31;1046;22,307732
-24,195512;-46,990173;32;1047;19,839544
-24,195511;-46,990078;33;1049;17,512695
-24,195519;-46,990043;34;1050;13,397782
-24,195536;-46,989975;35;1052;13,126055
-24,195543;-46,989934;35;1053;15,628803
-24,195553;-46,989885;35;1054;18,514357
-24,195567;-46,989831;36;1055;20,545654
-24,195579;-46,989774;37;1056;21,870956
-24,195594;-46,989716;36;1057;22,070431
-24,195603;-46,989647;36;1058;25,263220
-24,195611;-46,98959;37;1059;21,422842
-24,195621;-46,989538;37;1060;20,033312
-24,195638;-46,989487;37;1061;19,368906
-24,195662;-46,989434;37;1062;21,550955
-24,195693;-46,98938;38;1063;23,299166
-24,195727;-46,989335;38;1064;21,645651
-24,195756;-46,989295;39;1065;18,879688
-24,195789;-46,98925;40;1066;21,474606
-24,195828;-46,989197;40;1067;24,772715
-24,195869;-46,989141;40;1068;26,816126
-24,19591;-46,98909;41;1069;24,461496
-24,195955;-46,989038;41;1070;26,765961
-24,195999;-46,988984;40;1071;26,495829
-24,19604;-46,988931;41;1072;25,509268
-24,196076;-46,988877;41;1073;24,310791
-24,196114;-46,988822;42;1074;25,035259
-24,196159;-46,988766;43;1075;28,030489
-24,19621;-46,988707;43;1076;29,358482
-24,196266;-46,988647;43;1077;31,423550
-24,196326;-46,988588;43;1078;32,518379
-24,196384;-46,988536;43;1079;29,808840
-24,196443;-46,988487;43;1080;29,808840
-24,196503;-46,988441;43;1081;28,983887
-24,196564;-46,988395;43;1082;29,614132
-24,196627;-46,988349;42;1083;30,458265
-24,196685;-46,988306;42;1084;28,983887
-24,196744;-46,988263;42;1085;28,203213
-24,196801;-46,988216;42;1086;27,752066
-24,196857;-46,988166;41;1087;29,427851
-24,196912;-46,988118;42;1088;28,836115
-24,196956;-46,988084;40;1089;22,750149
-24,196998;-46,988049;39;1090;21,272287
-24,197041;-46,988014;39;1091;20,968241
-24,197093;-46,987975;38;1092;25,144726
-24,197155;-46,987933;38;1093;29,497480
-24,197232;-46,987892;37;1094;34,366867
-24,197312;-46,987857;36;1095;34,629414
-24,197399;-46,987822;35;1096;37,477165
-24,197484;-46,987792;36;1097;35,588112
-24,19757;-46,987752;35;1098;38,498573
-24,197647;-46,987711;34;1099;33,768234
-24,197724;-46,98767;33;1100;34,368565
-24,197804;-46,987623;32;1101;37,012756
-24,197877;-46,987576;31;1102;34,346455
-24,197952;-46,98752;31;1103;36,387180
-24,198019;-46,987444;31;1104;37,622063
-24,19809;-46,987356;30;1105;43,927639
-24,198153;-46,987274;29;1106;38,784386
-24,198221;-46,987182;26;1107;44,618118
-24,198289;-46,987107;25;1108;39,311157
-24,198374;-46,987028;23;1109;45,134468
-24,198461;-46,986965;22;1110;41,763187
-24,198552;-46,986918;22;1111;39,598644
-24,198646;-46,986894;21;1112;39,574867
-24,198738;-46,986899;20;1113;36,940063
-24,198834;-46,986918;20;1114;38,817680
-24,198934;-46,986947;20;1115;41,635818
-24,199038;-46,986981;20;1116;43,107334
-24,199144;-46,987019;20;1117;44,981998
-24,199245;-46,987063;18;1118;44,382465
-24,199351;-46,987101;19;1119;44,400002
-24,199455;-46,987135;18;1120;43,983475
-24,199559;-46,987173;20;1121;43,703152
-24,199663;-46,987216;21;1122;45,354454
-24,19977;-46,987256;21;1123;44,981998
-24,199875;-46,987293;21;1124;44,253815
-24,199979;-46,987342;23;1125;46,306488
-24,200076;-46,987392;24;1126;42,417095
-24,200168;-46,98746;24;1127;45,049500
-24,200257;-46,987521;25;1128;41,763187
-24,20035;-46,987584;26;1129;43,708931
-24,200443;-46,987645;27;1130;43,707596
-24,200535;-46,9877;27;1131;42,197632
-24,200627;-46,98775;28;1132;41,047657
-24,200716;-46,987786;28;1133;38,023754
-24,200801;-46,98781;29;1134;35,555256
-24,200893;-46,987836;28;1135;38,104954
-24,200976;-46,987871;29;1136;35,335995
-24,201051;-46,98793;30;1137;37,988228
-24,20112;-46,987994;30;1138;36,289085
-24,201179;-46,988069;30;1139;35,514324
-24,201233;-46,98815;30;1140;37,372723
-24,20129;-46,988235;30;1141;38,265800
-24,201345;-46,988319;30;1142;37,814171
-24,201401;-46,9884;36;1143;42,582386
-24,201452;-46,988475;33;1144;36,308445
-24,201512;-46,988543;30;1145;36,140678
-24,201576;-46,988609;29;1146;35,329380
-24,201643;-46,98868;28;1147;37,792362
-24,201717;-46,988748;31;1148;39,557343
-24,201795;-46,988809;29;1149;39,106491
-24,201874;-46,988869;27;1150;39,106491
-24,20195;-46,988919;26;1151;35,697960
-24,202026;-46,98896;25;1152;34,368565
-24,202112;-46,98899;25;1153;36,130932
-24,202211;-46,989003;22;1154;41,366920
-24,202323;-46,989006;20;1155;45,653252
-24,202434;-46,98901;18;1156;44,899521
-24,202541;-46,989015;18;1157;42,793049
-24,202644;-46,989018;18;1158;41,265049
-24,202731;-46,989016;16;1159;35,113163
-24,202818;-46,989002;16;1160;35,570225
-24,202914;-46,988989;16;1161;38,415161
-24,203014;-46,988971;16;1162;41,073433
-24,203115;-46,988949;16;1163;41,332966
-24,20322;-46,988925;16;1164;42,829903
-24,203305;-46,988908;16;1165;34,319408
-24,203388;-46,988888;16;1166;34,319408
-24,203463;-46,988867;17;1167;30,799772
-24,203534;-46,988848;18;1168;29,326403
-24,203605;-46,988832;18;1169;29,846064
-24,203678;-46,988817;17;1170;29,769396
-24,203765;-46,988795;17;1171;35,814167
-24,203856;-46,988763;18;1172;38,192268
-24,203951;-46,988721;17;1173;41,303112
-24,204044;-46,988669;16;1174;41,729595
-24,204134;-46,988613;15;1175;41,691765
-24,204221;-46,988552;15;1176;41,607738
-24,204303;-46,988495;16;1177;39,092033
-24,204378;-46,988444;16;1178;34,861687
-24,204453;-46,988398;15;1179;34,346455
-24,204528;-46,988356;15;1180;34,179501
-24,2046;-46,988314;14;1181;32,347019
-24,204677;-46,988275;14;1182;34,861687
-24,204754;-46,988235;13;1183;33,768234
-24,204836;-46,988192;11;1184;36,949039
-24,205002;-46,988103;8;1186;37,548317
-24,205087;-46,988051;8;1187;38,847778
-24,205174;-46,987998;8;1188;39,515919
-24,20526;-46,987939;8;1189;40,962311
-24,205343;-46,987878;7;1190;40,485767
-24,205425;-46,987811;7;1191;40,490253
-24,205501;-46,987743;6;1192;39,686928
-24,205579;-46,987678;6;1193;39,260746
-24,205735;-46,987559;6;1195;36,385571
-24,205814;-46,987497;7;1196;40,034367
-24,205896;-46,987434;7;1197;39,691502
-24,205978;-46,987369;7;1198;40,488808
-24,206064;-46,987302;7;1199;42,543797
-24,20615;-46,987235;8;1200;41,891716
-24,206235;-46,987169;9;1201;42,695839
-24,206314;-46,987103;10;1202;39,425453
-24,206393;-46,987045;11;1203;37,817093
-24,206468;-46,986988;12;1204;37,186020
-24,206539;-46,986936;13;1205;34,522942
-24,206606;-46,98689;14;1206;31,732386
-24,206668;-46,986844;14;1207;30,244768
-24,206735;-46,986795;14;1208;32,287544
-24,206806;-46,986751;14;1209;32,147884
-24,206878;-46,986709;14;1210;32,820667
-24,206959;-46,986671;14;1211;34,970467
-24,207045;-46,986639;14;1212;36,584175
-24,207128;-46,986613;14;1213;34,629597
-24,207214;-46,986592;13;1214;35,553616
-24,207291;-46,986572;12;1215;31,538435
-24,207359;-46,986557;12;1216;28,051554
-24,207415;-46,986546;11;1217;22,825344
-24,207467;-46,986533;12;1218;21,343592
-24,207517;-46,986522;12;1219;21,040575
-24,207563;-46,986514;12;1220;18,542740
-24,207651;-46,986502;10;1222;18,052176
-24,207697;-46,986498;10;1223;18,381319
-24,207753;-46,98649;11;1224;22,822784
-24,20781;-46,986473;11;1225;23,578663
-24,207871;-46,98645;12;1226;26,080147
-24,207933;-46,986424;11;1227;27,261095
-24,207994;-46,986397;11;1228;26,314600
-24,208067;-46,986357;11;1229;32,191479
-24,208141;-46,986308;11;1230;34,860012
-24,20822;-46,986261;11;1231;36,172958
-24,208312;-46,986211;11;1232;40,888062
-24,208411;-46,986156;10;1233;44,390793
-24,208512;-46,986104;10;1234;44,931309
-24,208621;-46,986046;11;1235;48,422741
-24,208721;-46,985982;11;1236;46,897629
-24,208821;-46,985909;11;1237;47,727608
-24,208925;-46,985831;12;1238;50,535564
-24,209016;-46,985759;12;1239;45,216522
-24,209104;-46,985687;12;1240;43,987602
-24,209188;-46,985622;12;1241;41,111824
-24,209275;-46,98556;12;1242;40,965164
-24,209362;-46,98551;11;1243;39,686928
-24,209532;-46,985443;11;1245;35,403912
-24,209611;-46,985419;11;1246;33,148415
-24,209687;-46,985401;11;1247;30,588657
-24,209768;-46,985386;11;1248;33,310196
-24,209845;-46,985384;11;1249;30,550425
-24,209919;-46,985395;12;1250;30,130352
-24,209996;-46,985426;12;1251;33,023014
-24,210071;-46,985472;12;1252;34,824791
-24,21014;-46,985521;12;1254;16,089384
-24,210284;-46,985624;11;1255;33,120003
-24,21036;-46,985672;10;1256;35,694683
-24,210437;-46,985723;9;1257;36,351658
-24,210518;-46,98577;9;1258;36,837269
-24,210603;-46,985813;8;1259;37,803185
-24,210686;-46,985849;8;1260;35,152134
-24,210777;-46,985878;8;1261;38,316162
-24,210873;-46,985896;8;1262;38,816177
-24,210969;-46,985914;8;1263;39,345493
-24,211064;-46,985929;8;1264;37,834255
-24,21116;-46,985943;8;1265;39,345493
-24,211255;-46,985959;9;1266;38,005142
-24,211346;-46,985976;8;1267;37,488079
-24,211438;-46,985996;9;1268;37,488079
-24,211537;-46,98601;10;1269;40,262878
-24,211641;-46,986016;10;1270;42,028347
-24,211746;-46,98602;9;1271;42,182247
-24,211856;-46,986026;9;1272;44,383034
-24,21197;-46,986024;9;1273;45,080624
-24,21209;-46,98602;9;1274;48,134800
-24,212209;-46,986013;9;1275;48,195461
-24,212331;-46,986005;9;1276;48,958130
-24,212447;-46,985998;8;1277;46,048748
-24,212569;-46,985991;8;1278;48,898415
-24,212692;-46,985982;9;1279;49,949379
-24,212813;-46,98597;9;1280;48,297203
-24,212937;-46,98596;9;1281;49,818306
-24,213061;-46,985952;9;1282;49,720852
-24,213189;-46,985941;9;1283;51,245312
-24,213314;-46,985933;9;1284;50,578457
-24,213432;-46,98593;9;1285;47,351471
-24,21355;-46,985927;9;1286;47,371212
-24,21367;-46,985924;9;1287;48,134800
-24,213782;-46,98592;9;1288;44,319790
-24,213894;-46,985915;9;1289;45,081917
-24,214007;-46,985911;9;1290;45,083214
-24,214118;-46,985907;9;1291;44,318470
-24,214226;-46,985899;8;1292;43,770386
-24,214332;-46,985893;9;1293;43,010834
-24,214433;-46,985893;9;1294;40,477261
-24,214533;-46,985893;10;1295;39,876415
-24,214633;-46,985891;10;1296;40,501797
-24,214734;-46,985888;10;1297;39,713581
-24,214836;-46,985888;10;1298;41,242386
-24,214939;-46,985885;10;1299;41,265049
-24,215041;-46,98588;10;1300;40,501797
-24,215142;-46,985874;10;1301;40,572430
-24,215246;-46,985869;11;1302;42,182247
-24,215352;-46,985866;11;1303;42,028347
-24,215458;-46,985862;11;1304;42,791683
-24,215563;-46,985856;12;1305;42,250072
-24,215663;-46,985852;11;1306;40,661476
-24,215759;-46,985851;11;1307;38,187840
-24,215851;-46,985854;11;1308;36,686256
-24,216029;-46,985855;11;1310;34,368752
-24,216122;-46,985845;11;1311;37,656216
-24,216216;-46,985834;11;1312;37,656216
-24,216307;-46,985831;11;1313;36,660767
-24,216394;-46,985829;11;1314;35,158783
-24,216482;-46,985827;11;1315;35,133846
-24,21657;-46,985825;11;1316;35,158783
-24,21666;-46,985825;11;1317;35,894028
-24,216754;-46,985826;12;1318;38,355629
-24,21685;-46,985825;12;1319;38,187840
-24,216948;-46,985821;12;1320;38,975426
-24,217045;-46,98582;12;1321;38,949928
-24,21715;-46,985814;12;1322;42,097809
-24,217253;-46,985813;11;1323;41,399212
-24,217355;-46,985812;11;1324;41,242386
-24,21746;-46,985814;11;1325;42,006096
-24,21757;-46,985819;11;1326;43,620750
-24,217666;-46,98582;11;1327;38,949928
-24,217766;-46,985818;12;1328;39,902782
-24,217864;-46,985814;12;1329;38,975426
-24,217961;-46,985809;12;1330;38,975426
-24,218056;-46,985802;12;1331;38,288700
-24,218154;-46,985795;12;1332;39,813511
-24,218255;-46,985787;12;1333;39,812042
-24,218355;-46,985774;13;1334;40,852165
-24,21846;-46,985756;14;1335;42,730042
-24,218565;-46,985741;14;1336;42,371758
-24,218665;-46,985727;13;1337;40,264328
-24,218759;-46,985714;13;1338;38,413643
-24,218848;-46,9857;13;1339;35,568581
-24,218942;-46,985685;13;1340;38,591213
-24,219041;-46,985667;13;1341;40,103069
-24,219133;-46,985646;12;1342;37,772255
-24,219229;-46,985622;13;1343;39,257607
-24,219323;-46,985599;12;1344;38,515263
-24,219408;-46,985577;11;1345;35,553616
-24,21949;-46,985557;11;1346;33,572308
-24,21956;-46,985542;10;1347;29,025978
-24,219625;-46,985524;10;1348;26,883595
-24,219658;-46,985488;11;1357;2,044801
-24,219658;-46,985488;10;1358;3,600000
-24,219665;-46,985489;9;1384;0,181666
-24,219684;-46,985482;9;1385;8,133188
-24,219756;-46,985455;9;1387;14,946508
-24,219803;-46,985434;8;1388;20,642128
-24,219858;-46,985408;8;1389;24,197554
-24,219915;-46,985387;9;1390;24,651865
-24,219976;-46,985371;9;1391;25,065838
-24,220043;-46,985354;9;1392;27,302025
-24,22011;-46,985343;10;1393;27,293230
-24,220182;-46,985338;10;1394;29,154755
-24,220261;-46,985336;10;1395;31,313641
-24,220344;-46,985344;11;1396;33,913280
-24,220426;-46,985363;11;1397;33,570564
-24,220504;-46,985386;12;1398;32,607910
-24,220568;-46,985407;12;1399;26,553347
-24,220636;-46,985429;13;1400;28,589863
-24,220703;-46,985451;13;1401;28,005688
-24,220772;-46,985476;14;1402;29,392084
-24,220845;-46,985492;16;1403;30,415409
-24,220914;-46,985509;15;1404;29,025978
-24,220994;-46,98552;13;1405;33,138836
-24,221071;-46,985518;13;1406;30,548512
-24,221147;-46,985516;13;1407;30,579102
-24,221224;-46,985523;12;1408;30,885031
-24,221289;-46,985518;13;1409;26,252110
-24,221354;-46,985515;14;1410;26,252110
-24,221422;-46,985509;14;1411;27,633900
-24,221494;-46,985505;14;1412;29,056376
-24,221569;-46,985501;15;1413;30,035170
-24,221641;-46,985505;15;1414;29,056376
-24,221714;-46,985511;15;1415;29,154755
-24,221785;-46,985517;15;1416;28,290098
-24,22185;-46,985524;15;1417;26,116215
-24,221914;-46,98553;15;1418;26,116215
-24,221975;-46,985535;15;1419;24,478470
-24,222036;-46,985535;15;1420;24,437853
-24,222099;-46,985537;15;1421;25,240078
-24,222164;-46,985538;15;1422;25,965870
-24,222232;-46,985541;15;1423;27,530087
-24,222301;-46,985545;15;1424;27,532211
-24,222369;-46,985548;16;1425;26,972332
-24,222449;-46,985552;16;1426;32,198742
-24,222525;-46,985566;14;1427;31,663580
-24,22261;-46,985578;14;1428;34,621159
-24,222695;-46,985576;14;1429;33,603626
-24,222792;-46,985571;16;1430;39,634880
-24,222889;-46,985568;16;1431;38,973927
-24,222973;-46,985561;17;1432;33,911556
-24,223051;-46,98556;16;1433;31,518049
-24,223132;-46,985562;15;1434;32,278297
-24,223212;-46,98556;15;1435;32,076916
-24,223295;-46,985565;15;1436;33,631435
-24,223373;-46,985574;17;1437;32,252357
-24,223455;-46,98559;16;1438;33,763039
-24,22353;-46,985623;15;1439;32,003769
-24,223608;-46,985656;15;1440;33,728596
-24,223682;-46,985688;15;1441;31,802485
-24,223761;-46,985718;15;1442;33,236439
-24,223842;-46,98575;15;1443;34,680183
-24,223917;-46,985793;16;1444;34,344753
-24,223987;-46,985842;15;1445;33,754387
-24,224055;-46,9859;15;1446;33,928974
-24,224124;-46,985963;14;1447;36,169552
-24,224199;-46,986031;13;1448;39,101002
-24,224273;-46,986104;12;1449;40,008083
-24,224347;-46,986182;12;1450;41,206951
-24,224418;-46,986262;12;1451;41,206951
-24,224488;-46,986343;12;1452;40,146759
-24,224555;-46,986417;12;1453;37,615849
-24,224616;-46,986487;12;1454;36,024033
-24,224683;-46,986558;12;1455;37,211327
-24,224752;-46,986624;12;1456;37,209751
-24,224818;-46,986687;11;1457;34,409344
-24,224883;-46,986754;12;1458;36,276028
-24,224947;-46,98682;12;1459;35,142159
-24,225013;-46,986886;12;1460;35,711227
-24,225079;-46,986953;12;1461;36,096954
-24,22515;-46,987021;12;1462;37,778610
-24,22522;-46,987095;13;1463;38,885201
-24,225288;-46,987169;12;1464;38,331245
-24,225356;-46,987243;12;1465;38,607864
-24,225428;-46,987316;13;1466;39,441750
-24,225502;-46,987385;13;1467;38,931923
-24,225579;-46,987454;14;1468;39,683979
-24,225653;-46,98752;14;1469;38,049870
-24,22573;-46,987592;14;1470;40,997959
-24,225805;-46,987665;14;1471;39,845787
-24,225879;-46,987734;15;1472;40,008083
-24,225947;-46,987797;14;1473;34,988663
-24,226009;-46,987864;14;1474;35,550507
-24,226071;-46,987932;15;1475;34,218620
-24,226134;-46,988;15;1476;35,548859
-24,226193;-46,988067;14;1477;34,673260
-24,226249;-46,988133;14;1478;32,950382
-24,226306;-46,988199;14;1479;32,948608
-24,226362;-46,988264;14;1480;32,423000
-24,226416;-46,988327;14;1481;31,905214
-24,226474;-46,988391;14;1482;33,485165
-24,226532;-46,98846;15;1483;34,153660
-24,226589;-46,988527;15;1484;32,950382
-24,226647;-46,988597;15;1485;35,007210
-24,226705;-46,988666;15;1486;34,485867
-24,226764;-46,988728;13;1487;33,304176
-24,226817;-46,988792;13;1488;31,399364
-24,226873;-46,988859;13;1489;32,948608
-24,226932;-46,98893;14;1490;35,693047
-24,226994;-46,988999;15;1491;35,198471
-24,227062;-46,989065;14;1492;36,464008
-24,227126;-46,989119;13;1493;32,934227
-24,227189;-46,989173;12;1494;32,069431
-24,227243;-46,989226;12;1495;29,511347
-24,227289;-46,989286;12;1496;27,794146
-24,227334;-46,98934;13;1497;27,531981
-24,227381;-46,989398;13;1498;28,302490
-24,227432;-46,989448;12;1499;27,678041
-24,227484;-46,989496;10;1500;27,503685
-24,227533;-46,989543;10;1501;26,874899
-24,227577;-46,989594;10;1502;25,228498
-24,227619;-46,989646;10;1503;25,742109
-24,227666;-46,9897;10;1504;27,293463
-24,227715;-46,989752;11;1505;27,527735
-24,227767;-46,989804;11;1506;28,020288
-24,227824;-46,98986;11;1507;30,448879
-24,227879;-46,989914;12;1508;29,730112
-24,227929;-46,989969;12;1509;27,831964
-24,227972;-46,990023;13;1510;27,534101
-24,228012;-46,990073;13;1511;24,190308
-24,22805;-46,990117;14;1512;21,934984
-24,228112;-46,990175;14;1514;16,077578
-24,228138;-46,990192;14;1515;12,763917
-24,228218;-46,990231;12;1518;11,901871
-24,228251;-46,990244;12;1519;14,128515
-24,228312;-46,99028;12;1521;13,734231
-24,228345;-46,9903;12;1522;15,410419
-24,22841;-46,990334;12;1524;14,416140
-24,228442;-46,990347;12;1525;13,428749
-24,228512;-46,990372;12;1527;14,733876
-24,228552;-46,990385;11;1528;16,958948
-24,228612;-46,990402;11;1529;25,410822
-24,22867;-46,990414;12;1530;23,566000
-24,228725;-46,990423;12;1531;22,323444
-24,228782;-46,99043;13;1532;23,356781
-24,228838;-46,990426;12;1533;22,479675
-24,228896;-46,990411;12;1534;23,578663
-24,228956;-46,990392;12;1535;25,410822
-24,229013;-46,990372;12;1536;23,945084
-24,229079;-46,99035;12;1537;27,278471
-24,229151;-46,990323;12;1538;30,615387
-24,229223;-46,990295;12;1539;30,615387
-24,2293;-46,990265;12;1540;32,516582
-24,229376;-46,990236;12;1541;32,518379
-24,229451;-46,990202;12;1542;31,802485
-24,229527;-46,990167;12;1543;33,574047
-24,229602;-46,990128;11;1544;33,768234
-24,229677;-46,990089;10;1545;33,075867
-24,22975;-46,990053;11;1546;32,390350
-24,229828;-46,990018;11;1547;33,726864
-24,229905;-46,989988;12;1548;32,718830
-24,229984;-46,989957;12;1549;33,958241
-24,230056;-46,989926;12;1550;31,088898
-24,230123;-46,989888;12;1551;30,142193
-24,230186;-46,989852;12;1552;28,147213
-24,230253;-46,989815;11;1553;30,356413
-24,230332;-46,989782;12;1554;33,920174
-24,230409;-46,989751;12;1555;33,236439
-24,230487;-46,989718;12;1556;33,236439
-24,230563;-46,989683;12;1557;32,881145
-24,230636;-46,989644;11;1558;33,077633
-24,230706;-46,989606;11;1559;30,820839
-24,230776;-46,989575;10;1560;30,588448
-24,230855;-46,989543;10;1561;33,956520
-24,230937;-46,989515;10;1562;33,956520
-24,231023;-46,989489;10;1563;36,113140
-24,231111;-46,989467;10;1564;36,111523
-24,231196;-46,989447;11;1565;34,506012
-24,23128;-46,989429;11;1566;34,317703
-24,231367;-46,989409;11;1567;35,815800
-24,231456;-46,989392;11;1568;36,565002
-24,231544;-46,989373;11;1569;35,815800
-24,231631;-46,989351;11;1570;35,369232
-24,231717;-46,989328;12;1571;35,551971
-24,231786;-46,989306;12;1572;29,104603
-24,231828;-46,989315;14;1580;2,311755
-24,231828;-46,989315;15;1581;3,616195
-24,231832;-46,989313;15;1600;0,109446
-24,231845;-46,989307;15;1601;5,533542
-24,231907;-46,989293;15;1604;8,355279
-24,23199;-46,98927;15;1605;19,892807
-24,232042;-46,989253;15;1606;21,360308
-24,2321;-46,989238;15;1607;23,576185
-24,232164;-46,989219;15;1608;26,881422
-24,23223;-46,989206;15;1609;26,557747
-24,2323;-46,989188;15;1610;28,799835
-24,232369;-46,989167;15;1611;28,736866
-24,232438;-46,989148;15;1612;28,362303
-24,232511;-46,989126;15;1614;15,469083
-24,232652;-46,989096;15;1615;26,874899
-24,232724;-46,989083;15;1616;28,799835
-24,232796;-46,989078;15;1617;29,056376
-24,23287;-46,989082;16;1618;30,035170
-24,232941;-46,989089;15;1619;28,622545
-24,233016;-46,989108;15;1620;30,588657
-24,233086;-46,989132;15;1621;29,467752
-24,233158;-46,989156;13;1622;31,048590
-24,23323;-46,989181;12;1623;30,826319
-24,233299;-46,98921;13;1624;29,392084
-24,233363;-46,989239;13;1625;27,555546
-24,233429;-46,989262;13;1626;28,007772
-24,233497;-46,989276;14;1627;28,281614
-24,233559;-46,989293;15;1628;25,323038
-24,233609;-46,989314;15;1629;21,545532
-24,233652;-46,989334;15;1630;18,892399
-24,233725;-46,989389;15;1632;17,481892
-24,233758;-46,989418;14;1633;18,053791
-24,233818;-46,989468;13;1635;15,010773
-24,233848;-46,989492;12;1636;15,234576
-24,233916;-46,989539;15;1638;17,022966
-24,233945;-46,989553;14;1639;13,410861
-24,234001;-46,989552;13;1645;3,740108
-24,234;-46,989553;14;1646;3,696109
-24,233994;-46,989555;14;1649;0,897278
-24,233992;-46,989556;15;1650;3,680265
-24,23399;-46,989557;14;1651;3,696109
-24,233989;-46,989558;14;1652;1,409539
-24,233987;-46,98956;14;1676;0,031851
-24,233992;-46,98956;14;1677;1,566615
-24,234061;-46,989569;10;1680;10,439293
-24,234105;-46,989572;13;1681;20,619854
-24,234154;-46,989573;12;1682;20,227488
-24,23421;-46,989568;11;1683;22,609274
-24,234284;-46,989564;10;1684;30,033222
-24,234358;-46,989563;11;1685;30,002075
-24,234433;-46,989557;11;1686;29,916466
-24,234497;-46,989548;11;1687;26,118452
-24,234556;-46,989541;10;1689;12,055099
-24,234673;-46,989515;11;1690;24,320402
-24,234735;-46,989507;12;1691;25,609861
-24,234799;-46,989501;12;1692;25,242393
-24,234864;-46,989488;11;1693;26,802814
-24,23493;-46,98948;11;1694;26,877073
-24,234994;-46,989467;11;1695;26,301273
-24,235072;-46,989463;11;1696;30,579102
-24,235158;-46,989452;11;1697;35,379147
-24,235247;-46,989446;11;1699;17,621723
-24,235423;-46,989436;12;1700;34,480782
-24,235508;-46,989429;13;1701;34,668201
-24,235578;-46,989419;10;1702;30,537083
-24,23565;-46,989411;10;1703;28,395248
-24,235727;-46,989407;11;1704;31,551403
-24,23581;-46,989408;11;1705;32,840248
-24,235893;-46,989404;11;1706;33,633175
-24,235973;-46,989395;11;1707;32,196926
-24,236054;-46,98938;12;1709;16,377266
-24,236209;-46,989349;12;1710;31,802485
-24,236282;-46,98932;13;1711;31,294771
-24,236358;-46,989278;12;1712;34,365162
-24,236427;-46,989227;11;1713;33,116474
-24,236493;-46,989169;10;1714;33,521606
-24,236554;-46,989114;10;1715;32,153336
-24,236624;-46,989059;11;1716;34,522942
-24,236693;-46,989013;10;1717;32,375908
-24,236771;-46,988976;10;1718;34,268288
-24,236849;-46,988949;9;1719;32,990955
-24,236921;-46,988927;10;1720;30,416031
-24,236995;-46,988907;10;1721;30,588657
-24,237059;-46,988886;10;1722;26,149755
-24,237109;-46,98887;11;1723;21,349066
-24,237191;-46,988849;12;1725;16,880655
-24,237215;-46,988838;12;1726;10,772766
-24,237218;-46,98884;13;1729;1,303730
-24,237211;-46,98884;14;1730;4,723309
-24,237203;-46,98884;15;1731;4,735664
-24,23718;-46,988839;15;1737;1,527797
-24,237179;-46,988839;15;1738;0,683727
-24,237185;-46,98884;16;1773;0,121562
-24,237192;-46,988841;16;1774;3,349563
-24,237236;-46,988835;16;1775;17,786755
-24,237297;-46,98882;17;1776;25,323038
-24,237379;-46,988813;17;1777;32,959248
-24,237467;-46,988804;16;1778;35,425186
-24,237558;-46,988798;16;1779;36,765816
-24,237649;-46,988804;14;1780;37,465740
-24,237738;-46,988813;14;1781;35,243446
-24,237827;-46,988822;14;1782;36,137402
-24,237911;-46,988835;14;1783;33,863461
-24,237994;-46,988854;13;1784;33,763039
-24,238071;-46,988875;12;1785;32,609703
-24,238152;-46,988899;12;1786;33,148415
-24,238238;-46,98892;11;1787;35,251556
-24,238319;-46,988949;12;1788;34,866535
-24,238395;-46,988996;12;1789;34,823109
-24,238462;-46,989051;12;1790;33,927250
-24,238529;-46,98911;12;1791;33,927250
-24,238594;-46,989165;13;1792;33,519859
-24,23866;-46,98922;13;1793;33,084888
-24,238723;-46,989276;13;1794;32,736877
-24,238783;-46,989331;14;1795;30,883135
-24,238848;-46,989385;13;1796;32,674149
-24,23891;-46,989436;12;1797;32,067612
-24,238974;-46,989492;11;1798;32,067612
-24,239047;-46,989547;11;1799;35,760281
-24,239122;-46,9896;11;1800;36,240746
-24,239203;-46,989646;12;1801;36,348442
-24,239291;-46,989686;11;1802;37,963604
-24,239376;-46,989714;10;1803;36,309837
-24,239466;-46,989728;10;1804;36,139019
-24,239554;-46,989734;10;1805;35,243446
-24,239644;-46,989731;9;1806;36,103252
-24,239742;-46,989725;9;1807;39,812042
-24,239838;-46,989719;9;1808;38,212315
-24,239936;-46,98971;9;1809;39,813511
-24,240031;-46,989701;9;1810;37,656216
-24,240122;-46,989699;8;1811;36,837097
-24,240211;-46,989709;8;1812;36,002937
-24,240295;-46,989734;9;1813;35,173561
-24,240371;-46,989778;8;1815;17,182581
-24,240515;-46,989912;9;1816;39,275627
-24,240574;-46,989984;9;1817;35,509388
-24,240638;-46,990064;9;1818;39,113117
-24,240697;-46,990141;9;1819;37,629829
-24,240758;-46,99022;9;1820;37,055531
-24,240816;-46,990298;10;1821;37,330315
-24,240878;-46,990375;10;1822;37,057110
-24,240941;-46,990447;9;1823;36,721111
-24,241008;-46,990509;8;1824;35,573334
-24,241077;-46,990572;7;1825;36,464008
-24,241144;-46,99063;6;1826;34,117714
-24,241199;-46,990701;6;1827;33,451992
-24,24125;-46,990781;7;1828;35,535530
-24,241301;-46,990863;6;1829;37,107365
-24,241354;-46,990943;5;1830;36,411083
-24,241407;-46,991017;5;1831;34,023567
-24,241457;-46,991086;5;1832;31,980219
-24,241507;-46,991149;6;1833;31,109367
-24,241554;-46,991211;5;1834;29,566523
-24,2416;-46,991276;4;1835;30,157492
-24,241647;-46,991349;3;1836;32,831154
-24,241693;-46,991424;3;1837;33,345264
-24,241745;-46,991502;4;1838;34,843060
-24,241801;-46,991583;4;1839;37,807991
-24,24186;-46,991666;5;1840;37,803185
-24,241925;-46,991751;5;1841;41,236721
-24,24199;-46,991837;5;1842;40,162766
-24,242053;-46,991918;5;1843;38,609379
-24,242116;-46,992001;5;1844;40,164219
-24,242177;-46,992086;6;1845;38,888206
-24,242241;-46,992166;6;1846;39,113117
-24,242307;-46,992245;6;1847;39,623722
-24,242375;-46,992324;7;1848;39,786922
-24,242444;-46,992405;8;1849;40,303493
-24,24251;-46,992483;8;1850;38,606354
-24,242574;-46,992553;8;1851;37,074448
-24,242635;-46,992619;8;1852;34,027000
-24,242699;-46,992681;9;1853;33,833927
-24,242756;-46,992751;9;1854;35,002205
-24,24281;-46,992822;10;1855;33,146458
-24,242864;-46,992895;10;1856;34,507889
-24,242915;-46,992962;9;1857;32,184021
-24,242974;-46,993028;10;1858;33,676392
-24,243041;-46,993094;10;1859;36,646416
-24,243104;-46,993151;11;1860;33,519859
-24,243172;-46,993209;12;1861;34,117714
-24,24324;-46,993261;13;1862;33,116474
-24,24331;-46,993307;13;1863;32,831348
-24,243379;-46,993347;13;1864;31,473719
-24,243447;-46,993388;14;1865;31,019073
-24,243518;-46,993434;14;1866;33,492146
-24,243584;-46,993474;14;1867;29,465769
-24,243661;-46,993511;15;1868;34,458561
-24,24374;-46,993547;14;1869;33,920174
-24,243826;-46,993585;15;1870;37,256668
-24,243911;-46,993624;15;1871;37,629829
-24,243994;-46,993662;14;1872;35,853130
-24,244077;-46,993702;13;1873;36,553642
-24,244162;-46,993747;13;1874;37,531868
-24,244243;-46,993797;14;1875;37,673115
-24,244321;-46,993856;14;1876;37,643803
-24,244385;-46,993912;14;1877;32,736877
-24,244451;-46,993975;14;1878;35,707954
-24,244508;-46,994036;14;1879;31,963770
-24,244557;-46,994092;15;1880;27,525612
-24,244599;-46,994141;16;1881;24,960457
-24,244632;-46,994178;16;1882;19,570000
-24,244665;-46,994207;16;1883;16,237612
-24,244705;-46,994237;15;1884;19,860149
-24,24475;-46,994267;15;1885;20,803167
-24,244797;-46,994298;16;1886;22,398947
-24,244847;-46,99433;16;1887;23,484299
-24,244894;-46,994358;15;1888;21,739641
-24,244944;-46,994385;14;1889;22,411985
-24,244994;-46,99441;14;1890;22,120964
-24,245045;-46,994434;13;1891;22,539383
-24,245098;-46,994459;13;1892;22,960905
-24,245151;-46,994482;12;1893;23,241411
-24,245208;-46,994509;12;1894;25,479719
-24,245265;-46,994538;12;1895;24,199968
-24,245331;-46,994572;12;1896;29,523224
-24,245402;-46,99461;11;1897;31,706591
-24,245484;-46,99465;11;1898;36,237522
-24,245565;-46,994688;10;1899;35,335995
-24,245644;-46,994727;10;1900;34,860012
-24,245724;-46,994763;10;1901;34,438389
-24,245803;-46,994802;10;1902;34,970467
-24,245878;-46,994842;9;1903;33,688538
-24,245948;-46,994881;8;1904;31,708439
-24,246011;-46,994926;8;1905;30,240906
-24,246064;-46,994972;9;1906;26,785366
-24,246103;-46,995015;9;1907;22,181641
-24,246131;-46,995044;9;1908;15,983713
-24,246166;-46,995074;8;1914;3,009505
-24,246202;-46,995126;8;1915;23,203939
-24,246243;-46,995193;9;1916;29,976746
-24,246295;-46,995279;8;1917;37,536369
-24,246359;-46,995379;8;1918;45,268188
-24,246431;-46,99548;7;1919;46,544788
-24,24651;-46,995579;6;1920;48,005814
-24,246592;-46,995678;5;1921;49,016453
-24,246677;-46,995776;4;1922;50,052219
-24,246761;-46,995876;4;1923;49,401329
-24,246847;-46,995975;5;1924;50,053387
-24,246931;-46,996071;5;1925;48,390278
-24,247015;-46,996167;6;1926;48,522800
-24,247094;-46,996255;6;1927;44,795845
-24,247177;-46,996344;6;1928;47,397114
-24,24726;-46,996436;6;1929;46,857738
-24,247345;-46,996532;6;1930;48,922310
-24,247428;-46,996627;6;1931;48,387859
-24,247513;-46,996722;7;1932;48,522800
-24,247595;-46,996819;7;1933;47,860874
-24,247682;-46,996919;8;1934;50,579487
-24,247769;-46,997021;9;1935;51,070423
-24,247857;-46,997119;9;1936;50,452366
-24,247943;-46,997214;8;1937;49,592457
-24,248027;-46,997302;8;1938;46,425499
-24,248106;-46,997386;8;1939;43,810566
-24,248181;-46,997463;8;1940;40,779301
-24,248258;-46,997535;8;1941;40,996532
-24,248341;-46,997593;8;1942;38,922916
-24,248431;-46,997629;8;1943;38,019142
-24,248528;-46,997641;9;1944;39,509842
-24,248625;-46,997627;8;1945;39,509842
-24,248719;-46,997557;9;1946;45,186649
-24,248804;-46,997455;8;1947;51,069279
-24,248886;-46,997346;8;1948;52,054245
-24,248974;-46,997233;8;1949;53,529736
-24,24907;-46,997138;8;1950;51,676811
-24,249183;-46,997047;7;1951;56,833584
-24,249302;-46,996964;7;1952;56,399170
-24,249435;-46,996886;7;1953;60,282448
-24,249571;-46,996814;6;1954;60,444977
-24,249711;-46,99675;5;1955;60,677517
-24,249853;-46,996689;5;1956;61,461296
-24,249996;-46,99663;5;1957;60,970638
-24,250136;-46,996565;5;1958;60,570629
-24,25027;-46,99649;5;1959;60,960098
-24,250399;-46,996399;4;1960;61,225899
-24,250517;-46,996293;5;1961;61,445976
-24,250625;-46,996163;5;1962;64,321213
-24,250729;-46,99602;4;1963;66,098999
-24,250834;-46,995871;3;1964;68,756111
-24,250943;-46,995721;2;1965;70,789574
-24,251057;-46,995571;3;1966;71,153503
-24,251169;-46,995426;3;1967;69,505119
-24,251282;-46,995282;3;1968;69,505119
-24,251512;-46,994995;3;1970;70,505959
-24,251631;-46,994846;3;1971;72,056984
-24,251751;-46,9947;2;1972;71,615189
-24,251874;-46,994552;2;1973;73,582474
-24,252115;-46,994255;2;1975;72,560455
-24,252225;-46,994114;2;1976;67,950890
-24,252339;-46,993972;2;1977;68,452118
-24,252444;-46,993845;2;1978;62,261391
-24,252546;-46,993724;2;1979;60,719017
-24,252645;-46,993604;2;1980;59,693108
-24,252737;-46,99348;2;1981;57,706093
-24,252818;-46,993356;2;1982;56,044746
-24,252892;-46,993223;2;1983;57,122910
-24,252952;-46,993101;2;1984;50,826244
-24,253016;-46,992968;2;1985;53,639877
-24,253082;-46,992831;2;1986;56,816216
-24,253155;-46,992689;2;1987;60,355110
-24,253227;-46,99254;2;1988;61,580025
-24,253303;-46,992387;1;1989;63,635181
-24,253383;-46,992234;1;1990;64,281227
-24,253468;-46,992077;1;1991;66,251854
-24,25355;-46,991933;2;1992;62,385048
-24,253634;-46,991791;1;1993;61,622616
-24,253723;-46,991658;1;1994;60,533962
-24,253819;-46,991539;1;1995;57,637196
-24,253926;-46,991442;2;1996;55,264511
-24,254048;-46,991359;1;1997;57,799072
-24,254178;-46,991287;1;1998;58,285450
-24,254313;-46,991221;1;1999;59,167061
-24,25445;-46,991152;2;2000;60,539646
-24,254582;-46,991068;2;2001;60,956268
-24,254702;-46,990974;2;2002;59,389843
-24,254814;-46,990857;2;2003;62,403881
-24,254917;-46,990725;2;2004;62,793148
-24,25502;-46,990586;5;2005;66,876923
-24,255112;-46,990464;3;2006;58,152531
-24,255197;-46,990357;3;2007;51,976727
-24,25527;-46,990274;3;2008;42,200401
-24,255315;-46,990224;3;2009;25,762531
-24,255353;-46,990184;3;2010;20,667898
-24,255389;-46,990141;3;2011;20,582901
-24,255429;-46,99009;3;2012;25,247021
-24,255476;-46,990029;3;2013;29,344547
-24,255533;-46,989959;3;2014;33,959961
-24,255591;-46,989883;3;2015;36,062943
-24,255645;-46,989815;3;2016;33,446751
-24,255699;-46,98975;3;2017;31,901550
-24,255744;-46,989695;3;2018;26,759409
-24,255785;-46,989638;4;2019;26,581701
-24,255824;-46,989578;4;2020;27,018024
-24,255868;-46,989511;4;2021;31,055046
-24,25592;-46,989441;4;2022;32,459023
-24,25598;-46,989368;4;2023;35,506096
-24,256047;-46,989292;4;2024;38,603325
-24,256119;-46,989207;4;2025;42,200401
-24,256187;-46,989118;4;2026;43,279148
-24,256251;-46,989029;4;2027;40,757801
-24,256315;-46,98895;4;2028;39,110126
-24,256369;-46,98889;4;2029;29,894970
-24,256424;-46,988831;4;2030;31,416113
-24,256476;-46,988772;4;2031;29,352509
-24,25653;-46,988705;4;2032;33,450245
-24,256585;-46,988635;4;2033;32,948608
-24,256647;-46,98856;5;2034;37,733559
-24,25671;-46,988487;5;2035;36,541023
-24,256837;-46,988341;5;2037;36,542622
-24,256896;-46,988268;5;2038;35,000534
-24,256953;-46,988195;5;2039;36,064564
-24,257008;-46,988122;5;2040;34,506195
-24,25706;-46,988053;5;2041;32,459023
-24,257108;-46,987991;5;2042;29,848021
-24,257152;-46,987939;5;2043;26,243444
-24,257194;-46,98789;4;2044;24,960457
-24,257234;-46,987842;4;2045;23,163610
-24,257273;-46,987795;4;2046;22,637966
-24,257315;-46,987743;4;2047;25,735298
-24,257364;-46,987682;4;2048;29,846064
-24,25742;-46,987615;4;2049;33,448498
-24,257482;-46,98754;4;2050;36,541023
-24,257549;-46,987456;3;2051;40,816387
-24,257619;-46,987369;3;2052;42,713776
-24,257698;-46,987271;3;2053;47,869419
-24,257783;-46,987169;3;2054;50,939941
-24,257877;-46,987059;3;2055;54,045780
-24,257975;-46,986945;3;2056;57,118816
-24,258076;-46,986823;3;2057;60,202908
-24,258176;-46,986701;3;2058;60,201939
-24,258285;-46,986569;3;2059;65,351372
-24,258396;-46,986434;3;2060;65,862625
-24,25851;-46,986296;3;2061;67,920776
-24,258626;-46,986153;3;2062;70,503471
-24,258741;-46,986013;4;2063;69,048698
-24,258852;-46,985877;4;2064;65,862625
-24,258957;-46,985745;5;2065;64,444550
-24,259061;-46,98562;5;2066;62,260448
-24,259165;-46,985497;5;2067;60,719017
-24,259267;-46,985381;6;2068;58,815300
-24,259369;-46,985265;6;2069;59,178913
-24,259475;-46,985145;5;2070;60,875580
-24,259582;-46,985019;4;2071;62,880463
-24,259685;-46,984896;4;2072;60,718056
-24,259791;-46,984768;4;2073;63,295525
-24,259896;-46,984639;3;2074;63,397823
-24,259999;-46,984511;3;2075;61,746811
-24,260102;-46,984377;2;2076;63,947544
-24,260201;-46,984238;2;2077;65,054726
-24,260299;-46,984099;3;2078;64,058937
-24,2604;-46,983962;2;2079;64,535172
-24,2605;-46,98383;2;2080;62,871269
-24,260606;-46,9837;2;2081;63,804935
-24,260715;-46,983579;2;2082;62,296101
-24,260822;-46,983466;2;2083;58,822361
-24,260933;-46,983353;2;2084;60,889122
-24,261045;-46,983247;2;2085;59,588272
-24,261162;-46,98314;3;2086;60,858299
-24,261287;-46,983031;2;2087;63,828644
-24,261417;-46,98292;2;2088;65,787163
-24,261548;-46,982808;2;2089;66,651085
-24,261678;-46,982696;2;2090;66,391068
-24,261813;-46,982582;1;2091;67,943909
-24,261945;-46,982471;2;2092;67,096634
-24,262082;-46,982359;2;2093;67,610344
-24,262218;-46,982247;2;2094;69,058098
-24,26235;-46,982134;2;2095;66,391068
-24,26248;-46,982021;2;2096;66,650215
-24,262599;-46,981898;2;2097;65,579880
-24,262706;-46,981763;2;2098;65,896332
-24,262805;-46,981622;3;2099;65,153358
-24,262893;-46,98148;3;2100;62,362671
-24,262974;-46,981342;3;2101;59,516640
-24,263047;-46,981188;2;2102;62,912056
-24,263101;-46,981036;2;2103;59,943192
-24,263157;-46,980861;2;2104;67,777809
-24,26321;-46,980695;1;2105;64,996216
-24,263271;-46,980518;1;2106;68,561302
-24,26333;-46,980342;2;2107;68,387115
-24,263393;-46,980164;2;2108;70,134506
-24,263453;-46,980002;1;2109;63,199341
-24,263516;-46,979825;1;2110;70,133667
-24,263582;-46,979648;1;2111;69,410057
-24,263646;-46,979474;2;2112;68,930115
-24,263706;-46,979302;2;2113;67,261139
-24,263766;-46,979123;2;2114;69,599220
-24,263825;-46,978945;2;2115;68,292290
-24,263879;-46,978771;3;2116;67,873352
-24,263926;-46,978595;3;2117;66,627411
-24,263963;-46,978425;3;2118;64,499031
-24,263991;-46,978246;3;2119;66,315331
-24,264006;-46,978066;3;2120;65,732956
-24,264014;-46,977892;5;2121;63,149090
-24,264018;-46,977726;5;2122;61,290871
-24,264018;-46,977569;5;2123;57,094257
-24,264015;-46,97742;6;2124;54,433510
-24,264012;-46,977273;5;2125;54,449612
-24,264009;-46,977111;6;2126;58,601299
-24,264004;-46,97696;6;2127;55,747845
-24,263995;-46,976796;6;2128;59,999702
-24,263983;-46,976643;5;2129;56,004997
-24,26396;-46,976489;4;2130;56,563560
-24,263931;-46,976333;4;2131;58,231289
-24,263895;-46,976173;3;2132;60,366619
-24,263851;-46,976009;3;2133;62,402008
-24,263802;-46,975839;3;2134;65,734741
-24,263756;-46,975676;4;2135;61,396503
-24,263708;-46,975508;5;2136;64,278397
-24,26366;-46,975344;5;2137;62,848957
-24,263615;-46,975191;5;2138;59,963661
-24,263574;-46,975034;5;2139;59,303196
-24,263528;-46,974872;6;2140;61,396503
-24,263476;-46,974718;6;2141;60,966808
-24,263423;-46,974569;6;2142;58,091633
-24,263366;-46,974422;6;2143;57,663548
-24,263312;-46,974275;6;2144;58,651249
-24,263257;-46,974126;6;2145;58,651249
-24,263199;-46,973977;6;2146;58,944424
-24,263146;-46,973835;6;2147;55,785572
-24,263106;-46,973721;5;2148;44,893433
-24,263072;-46,973623;5;2149;38,725742
-24,263043;-46,973539;5;2150;32,706520
-24,263008;-46,973442;5;2151;37,427406
-24,262966;-46,973334;5;2152;42,457176
-24,262928;-46,973216;5;2153;45,793110
-24,262891;-46,973081;5;2154;52,189899
-24,262856;-46,972939;5;2155;53,528645
-24,262827;-46,972787;5;2156;56,866589
-24,262813;-46,972628;5;2157;57,342426
-24,262811;-46,972468;5;2158;58,490620
-24,262822;-46,972312;5;2159;57,220009
-24,262842;-46,972163;5;2160;54,953941
-24,262869;-46,972027;5;2161;51,260132
-24,262895;-46,971926;5;2162;37,753853
-24,262917;-46,971843;4;2163;31,969057
-24,262935;-46,971783;4;2164;23,551384
-24,262949;-46,971726;4;2165;21,561798
-24,262965;-46,971663;4;2166;23,105515
-24,262985;-46,971587;3;2167;29,312454
-24,263008;-46,971502;4;2168;33,507656
-24,263035;-46,97141;3;2169;35,273098
-24,263064;-46,971301;2;2170;40,799202
-24,263096;-46,971187;2;2171;43,747829
-24,263132;-46,971061;2;2172;48,190617
-24,263169;-46,970929;1;2173;50,979946
-24,263211;-46,970788;2;2174;54,314224
-24,263255;-46,970641;1;2175;55,871284
-24,263309;-46,970489;1;2176;59,943192
-24,26337;-46,970334;1;2177;62,103508
-24,263433;-46,970174;1;2178;63,684845
-24,263502;-46,970014;2;2179;64,725937
-24,263574;-46,969853;2;2180;65,289642
-24,263646;-46,969698;2;2181;62,459110
-24,263717;-46,969551;2;2182;61,576233
-24,263785;-46,969399;2;2183;61,781815
-24,26385;-46,969255;2;2184;58,942448
-24,263915;-46,969113;2;2185;57,695965
-24,263981;-46,968967;2;2186;59,283489
-24,26405;-46,968816;2;2187;62,116680
-24,264109;-46,968677;2;2188;55,439873
-24,264171;-46,968541;3;2189;56,224724
-24,264234;-46,9684;3;2190;57,357712
-24,264297;-46,968258;3;2191;57,357712
-24,264356;-46,968128;3;2192;52,935863
-24,264421;-46,967993;4;2193;55,341644
-24,264482;-46,967856;3;2194;55,888020
-24,264543;-46,96772;3;2195;55,770905
-24,264604;-46,967585;3;2196;54,522659
-24,264668;-46,967443;3;2197;58,610386
-24,26473;-46,967306;3;2198;56,110394
-24,264794;-46,967171;5;2199;55,339191
-24,264857;-46,967037;5;2200;54,868809
-24,264913;-46,966911;6;2201;51,473881
-24,264972;-46,966771;5;2202;56,817131
-24,265028;-46,966641;5;2203;52,269337
-24,265084;-46,966515;6;2204;51,136742
-24,265133;-46,966404;5;2205;45,143951
-24,265172;-46,966317;5;2206;35,484695
-24,265196;-46,966253;6;2207;25,922832
-24,265217;-46,966196;6;2208;22,513723
-24,265239;-46,966142;6;2209;21,540108
-24,265263;-46,966078;5;2210;24,358557
-24,265292;-46,966003;5;2211;30,115040
-24,26533;-46,965919;5;2212;34,232456
-24,265373;-46,965821;5;2213;40,241257
-24,265419;-46,965721;5;2214;40,581074
-24,265469;-46,96561;5;2215;45,000183
-24,265523;-46,965495;6;2216;47,420399
-24,265587;-46,965366;5;2217;53,756203
-24,265646;-46,965235;5;2218;52,934761
-24,265708;-46,965091;5;2219;58,610386
-24,26577;-46,964943;5;2220;59,552956
-24,265837;-46,964791;5;2221;61,782764
-24,265902;-46,964648;5;2222;57,695965
-24,265964;-46,964515;5;2223;54,867741
-24,266026;-46,964382;5;2224;54,521584
-24,266082;-46,964256;5;2225;51,347836
-24,266136;-46,964139;5;2226;48,173634
-24,266184;-46,964028;5;2227;44,669132
-24,266227;-46,96393;5;2228;40,239803
-24,266265;-46,963845;5;2229;34,230751
-24,266292;-46,963782;5;2230;24,713673
-24,266311;-46,963735;5;2231;19,647480
-24,266329;-46,963687;5;2232;18,070318
-24,266353;-46,963629;5;2233;23,128265
-24,266383;-46,963561;5;2234;27,557669
-24,266416;-46,963481;5;2235;32,312870
-24,266457;-46,963393;5;2236;35,819061
-24,266503;-46,963297;5;2237;39,342522
-24,266551;-46,963193;5;2238;43,412613
-24,266602;-46,963086;5;2239;44,105679
-24,266657;-46,96297;6;2240;47,419167
-24,266712;-46,962845;6;2241;51,012157
-24,266768;-46,962732;6;2242;47,283550
-24,266823;-46,962617;7;2243;47,419167
-24,266872;-46,962517;7;2244;41,291946
-24,266908;-46,962439;7;2245;31,404947
-24,266935;-46,962392;7;2246;21,023905
-24,26696;-46,962341;7;2247;20,645266
-24,26698;-46,96229;7;2248;19,647480
-24,267006;-46,962225;8;2249;26,220926
-24,26704;-46,962153;7;2250;30,031275
-24,267078;-46,962076;7;2251;32,992920
-24,267116;-46,961989;7;2252;34,230751
-24,267152;-46,961899;7;2253;36,433720
-24,267193;-46,961796;7;2254;40,873768
-24,267231;-46,961692;6;2255;40,740440
-24,267273;-46,96157;6;2256;47,623421
-24,26731;-46,961458;6;2257;44,224758
-24,267346;-46,961341;6;2258;44,223434
-24,267374;-46,961242;6;2259;37,974545
-24,267395;-46,961164;6;2260;30,423920
-24,267407;-46,961109;6;2261;20,024559
-24,267428;-46,961014;7;2263;17,995701
-24,267441;-46,960954;6;2264;23,196110
-24,267459;-46,960884;6;2265;26,201101
-24,267482;-46,960803;6;2266;30,645912
-24,267507;-46,960714;6;2267;34,863361
-24,267534;-46,960621;5;2268;35,271442
-24,267567;-46,960515;5;2269;41,094765
-24,2676;-46,960404;5;2270;42,417244
-24,267628;-46,960288;5;2271;43,316940
-24,267659;-46,960165;5;2272;47,547287
-24,26769;-46,960045;5;2273;45,076733
-24,267722;-46,959921;5;2274;46,203442
-24,267753;-46,959803;5;2275;45,075436
-24,267788;-46,959686;4;2276;45,445839
-24,267818;-46,959579;4;2277;40,858036
-24,267841;-46,959486;5;2278;36,177631
-24,267856;-46,959422;4;2279;23,381784
-24,267866;-46,959367;5;2280;21,537100
-24,267882;-46,959317;5;2281;19,110744
-24,267899;-46,959271;6;2282;18,425428
-24,267919;-46,959226;6;2283;18,705896
-24,267944;-46,959179;6;2284;19,438173
-24,267979;-46,959134;6;2285;21,640249
-24,268026;-46,959093;7;2286;24,741776
-24,268081;-46,959057;7;2287;25,445293
-24,268145;-46,959017;8;2289;14,507955
-24,268286;-46,958915;7;2290;34,854980
-24,268362;-46,95886;7;2291;37,008190
-24,268447;-46,958835;7;2292;35,369232
-24,26853;-46,95882;7;2293;33,310196
-24,268602;-46,958793;8;2294;30,826319
-24,268657;-46,95874;8;2295;29,505405
-24,268687;-46,958673;8;2296;27,557669
-24,268703;-46,9586;8;2297;27,336248
-24,268719;-46,958528;8;2298;27,153940
-24,268744;-46,958468;8;2299;23,125738
-24,268778;-46,95841;8;2300;26,178791
-24,268821;-46,958357;7;2301;25,479469
-24,268865;-46,958311;7;2302;25,223866
-24,268908;-46,958264;7;2303;23,697323
-24,268949;-46,958222;7;2304;22,733273
-24,268986;-46,958186;7;2305;19,171803
-24,269028;-46,958147;7;2306;22,735844
-24,269063;-46,958106;7;2307;20,111914
-24,269101;-46,958069;7;2308;20,109007
-24,26914;-46,958031;7;2309;21,239595
-24,269184;-46,957985;7;2310;24,245804
-24,269226;-46,957937;6;2311;24,960457
-24,269274;-46,957886;7;2312;26,555309
-24,269332;-46,957828;6;2313;31,776550
-24,269396;-46,957768;7;2314;33,830475
-24,269466;-46,957707;8;2315;36,164707
-24,269546;-46,95764;8;2316;39,864849
-24,269702;-46,957492;9;2318;45,471687
-24,269782;-46,95741;9;2319;43,806561
-24,26986;-46,957329;8;2320;42,995884
-24,269934;-46,95725;8;2321;41,739548
-24,270073;-46,957111;9;2323;36,819641
-24,270132;-46,957053;9;2324;31,573818
-24,270188;-46,956999;10;2325;29,726181
-24,270242;-46,956945;10;2327;15,222521
-24,270343;-46,95683;10;2328;28,822144
